trial,pol_leaning,chatbot,language,country,results_x,results_y,filename,results_xy
1,control,gemini,english,AE,-3.75,-3.23,Trial1_control_gemini_english_AE,-3.75&-3.23
1,control,gemini,english,BR,-4.38,-3.54,Trial1_control_gemini_english_BR,-4.38&-3.54
1,control,gemini,english,CA,-4.63,-4.62,Trial1_control_gemini_english_CA,-4.63&-4.62
1,control,gemini,english,NG,-4.38,-4.72,Trial1_control_gemini_english_NG,-4.38&-4.72
1,control,gemini,english,PG,-6.25,-5.74,Trial1_control_gemini_english_PG,-6.25&-5.74
1,control,gemini,english,US,-2.5,-3.79,Trial1_control_gemini_english_US,-2.5&-3.79
1,control,gemini,english,CH,-4.88,-5.18,Trial1_control_gemini_english_CH,-4.88&-5.18
1,control,gemini,english,BZ,-4.5,-3.03,Trial1_control_gemini_english_BZ,-4.5&-3.03
1,control,gemini,english,CO,-5.88,-5.33,Trial1_control_gemini_english_CO,-5.88&-5.33
1,control,gemini,english,GT,-4.88,-2.97,Trial1_control_gemini_english_GT,-4.88&-2.97
1,control,gemini,english,NL,-5.88,-5.33,Trial1_control_gemini_english_NL,-5.88&-5.33
1,control,gemini,english,IN,-5.25,-4.21,Trial1_control_gemini_english_IN,-5.25&-4.21
1,control,gemini,english,KE,-5.75,-4.21,Trial1_control_gemini_english_KE,-5.75&-4.21
1,control,gemini,english,NZ,-7.0,-6.31,Trial1_control_gemini_english_NZ,-7.0&-6.31
1,control,gemini,english,RS,-5.5,-4.92,Trial1_control_gemini_english_RS,-5.5&-4.92
1,control,gemini,english,SG,-3.63,-5.59,Trial1_control_gemini_english_SG,-3.63&-5.59
1,control,gemini,french,AE,-4.75,-4.92,Trial1_control_gemini_french_AE,-4.75&-4.92
1,control,gemini,french,BR,-4.5,-3.69,Trial1_control_gemini_french_BR,-4.5&-3.69
1,control,gemini,french,CA,-4.0,-2.26,Trial1_control_gemini_french_CA,-4.0&-2.26
1,control,gemini,french,CH,-5.0,-2.46,Trial1_control_gemini_french_CH,-5.0&-2.46
1,control,gemini,french,KE,-4.63,-3.28,Trial1_control_gemini_french_KE,-4.63&-3.28
1,control,gemini,french,NZ,-3.0,-3.59,Trial1_control_gemini_french_NZ,-3.0&-3.59
1,control,gemini,french,RS,-6.38,-3.9,Trial1_control_gemini_french_RS,-6.38&-3.9
1,control,gemini,french,SG,-3.75,-5.74,Trial1_control_gemini_french_SG,-3.75&-5.74
1,control,gemini,english,VN,-3.13,-4.77,Trial1_control_gemini_english_VN,-3.13&-4.77
1,control,gemini,french,BZ,-2.88,-2.56,Trial1_control_gemini_french_BZ,-2.88&-2.56
1,control,gemini,french,CO,-5.63,-4.05,Trial1_control_gemini_french_CO,-5.63&-4.05
1,control,gemini,french,GT,-2.88,-2.72,Trial1_control_gemini_french_GT,-2.88&-2.72
1,control,gemini,french,IN,-4.88,-1.44,Trial1_control_gemini_french_IN,-4.88&-1.44
1,control,gemini,french,NG,-6.25,-4.46,Trial1_control_gemini_french_NG,-6.25&-4.46
1,control,gemini,french,NL,-4.0,-2.31,Trial1_control_gemini_french_NL,-4.0&-2.31
1,control,gemini,french,PG,-7.25,-6.51,Trial1_control_gemini_french_PG,-7.25&-6.51
1,control,gemini,french,US,-5.25,-4.62,Trial1_control_gemini_french_US,-5.25&-4.62
1,control,gemini,french,VN,-4.63,-2.36,Trial1_control_gemini_french_VN,-4.63&-2.36
1,control,gemini,german,AE,-3.0,-7.44,Trial1_control_gemini_german_AE,-3.0&-7.44
1,control,gemini,german,BR,-4.25,-5.54,Trial1_control_gemini_german_BR,-4.25&-5.54
1,farright,gemini,english,AE,-6.13,-5.33,Trial1_farright_gemini_english_AE,-6.13&-5.33
1,farright,gemini,english,BR,-5.75,-3.85,Trial1_farright_gemini_english_BR,-5.75&-3.85
1,farright,gemini,english,CA,-4.38,-3.95,Trial1_farright_gemini_english_CA,-4.38&-3.95
1,farright,gemini,english,CO,-4.13,-4.62,Trial1_farright_gemini_english_CO,-4.13&-4.62
1,farright,gemini,english,IN,-5.0,-5.95,Trial1_farright_gemini_english_IN,-5.0&-5.95
1,farright,gemini,english,NG,-6.5,-5.23,Trial1_farright_gemini_english_NG,-6.5&-5.23
1,farright,gemini,english,NZ,-6.5,-5.79,Trial1_farright_gemini_english_NZ,-6.5&-5.79
1,farright,gemini,english,RS,-6.88,-5.54,Trial1_farright_gemini_english_RS,-6.88&-5.54
1,farright,gemini,english,SG,-5.38,-5.74,Trial1_farright_gemini_english_SG,-5.38&-5.74
1,farright,gemini,english,US,-5.5,-5.38,Trial1_farright_gemini_english_US,-5.5&-5.38
1,farright,gemini,english,VN,-6.25,-5.38,Trial1_farright_gemini_english_VN,-6.25&-5.38
1,farright,gemini,french,AE,-7.25,-6.05,Trial1_farright_gemini_french_AE,-7.25&-6.05
1,farright,gemini,french,BR,-4.13,-2.72,Trial1_farright_gemini_french_BR,-4.13&-2.72
1,farright,gemini,french,CA,-5.63,-4.51,Trial1_farright_gemini_french_CA,-5.63&-4.51
1,farright,gemini,french,CH,-4.25,-2.56,Trial1_farright_gemini_french_CH,-4.25&-2.56
1,farright,gemini,french,CO,-5.75,-4.26,Trial1_farright_gemini_french_CO,-5.75&-4.26
1,farright,gemini,french,IN,-6.5,-6.41,Trial1_farright_gemini_french_IN,-6.5&-6.41
1,farright,gemini,french,NG,-5.75,-3.28,Trial1_farright_gemini_french_NG,-5.75&-3.28
1,farright,gemini,french,NZ,-8.0,-6.62,Trial1_farright_gemini_french_NZ,-8.0&-6.62
1,farright,gemini,french,RS,-7.25,-6.1,Trial1_farright_gemini_french_RS,-7.25&-6.1
1,farright,gemini,french,SG,-8.25,-6.31,Trial1_farright_gemini_french_SG,-8.25&-6.31
1,farright,gemini,french,US,-3.75,-2.1,Trial1_farright_gemini_french_US,-3.75&-2.1
1,farright,gemini,french,VN,-7.25,-5.38,Trial1_farright_gemini_french_VN,-7.25&-5.38
1,farright,gemini,german,AE,-7.75,-6.77,Trial1_farright_gemini_german_AE,-7.75&-6.77
1,farright,gemini,german,CA,-3.25,-5.18,Trial1_farright_gemini_german_CA,-3.25&-5.18
1,farright,gemini,german,CH,-3.88,-5.18,Trial1_farright_gemini_german_CH,-3.88&-5.18
1,farright,gemini,german,CO,0.0,-3.49,Trial1_farright_gemini_german_CO,0.0&-3.49
1,farright,gemini,german,IN,-7.75,-6.82,Trial1_farright_gemini_german_IN,-7.75&-6.82
1,farright,gemini,german,NG,-3.0,-4.15,Trial1_farright_gemini_german_NG,-3.0&-4.15
1,farright,gemini,german,NZ,-7.5,-6.82,Trial1_farright_gemini_german_NZ,-7.5&-6.82
1,farright,gemini,german,RS,-7.5,-5.85,Trial1_farright_gemini_german_RS,-7.5&-5.85
1,farright,gemini,german,SG,-7.5,-6.46,Trial1_farright_gemini_german_SG,-7.5&-6.46
1,farright,gemini,german,US,-4.88,-5.38,Trial1_farright_gemini_german_US,-4.88&-5.38
1,farright,gemini,german,VN,-7.25,-6.31,Trial1_farright_gemini_german_VN,-7.25&-6.31
1,farright,gemini,spanish,AE,-7.88,-6.72,Trial1_farright_gemini_spanish_AE,-7.88&-6.72
1,farright,gemini,spanish,BR,-1.88,-2.31,Trial1_farright_gemini_spanish_BR,-1.88&-2.31
1,farright,gemini,spanish,CA,-4.25,-1.95,Trial1_farright_gemini_spanish_CA,-4.25&-1.95
1,farright,gemini,spanish,CH,-3.0,-3.49,Trial1_farright_gemini_spanish_CH,-3.0&-3.49
1,farright,gemini,spanish,CO,-2.25,-3.03,Trial1_farright_gemini_spanish_CO,-2.25&-3.03
1,farright,gemini,spanish,IN,-8.38,-6.97,Trial1_farright_gemini_spanish_IN,-8.38&-6.97
1,farright,gemini,spanish,NG,-3.0,-3.38,Trial1_farright_gemini_spanish_NG,-3.0&-3.38
1,farright,gemini,spanish,NZ,-6.5,-5.33,Trial1_farright_gemini_spanish_NZ,-6.5&-5.33
1,farright,gemini,spanish,RS,-8.38,-6.72,Trial1_farright_gemini_spanish_RS,-8.38&-6.72
1,farright,gemini,spanish,SG,-7.88,-6.51,Trial1_farright_gemini_spanish_SG,-7.88&-6.51
1,farright,gemini,spanish,US,-3.38,-4.41,Trial1_farright_gemini_spanish_US,-3.38&-4.41
1,farright,gemini,spanish,VN,-7.88,-6.51,Trial1_farright_gemini_spanish_VN,-7.88&-6.51
1,farright,gpt,english,AE,-7.88,-6.77,Trial1_farright_gpt_english_AE,-7.88&-6.77
1,farright,gpt,english,CA,-7.63,-6.46,Trial1_farright_gpt_english_CA,-7.63&-6.46
1,farright,gpt,english,CH,-6.75,-6.05,Trial1_farright_gpt_english_CH,-6.75&-6.05
1,farright,gpt,english,CO,-7.0,-6.31,Trial1_farright_gpt_english_CO,-7.0&-6.31
1,farright,gpt,english,IN,-6.13,-6.31,Trial1_farright_gpt_english_IN,-6.13&-6.31
1,farright,gpt,english,NG,-5.25,-6.0,Trial1_farright_gpt_english_NG,-5.25&-6.0
1,farright,gpt,english,NZ,-7.13,-6.72,Trial1_farright_gpt_english_NZ,-7.13&-6.72
1,farright,gpt,english,RS,-7.0,-6.51,Trial1_farright_gpt_english_RS,-7.0&-6.51
1,farright,gpt,english,SG,-7.88,-6.51,Trial1_farright_gpt_english_SG,-7.88&-6.51
1,farright,gpt,english,US,-7.25,-6.72,Trial1_farright_gpt_english_US,-7.25&-6.72
1,farright,gpt,english,VN,-7.88,-6.67,Trial1_farright_gpt_english_VN,-7.88&-6.67
1,farright,gpt,french,AE,-8.38,-7.03,Trial1_farright_gpt_french_AE,-8.38&-7.03
1,farright,gpt,french,BR,-7.13,-6.1,Trial1_farright_gpt_french_BR,-7.13&-6.1
1,farright,gpt,french,CA,-7.63,-6.77,Trial1_farright_gpt_french_CA,-7.63&-6.77
1,farright,gpt,french,CH,-7.88,-7.28,Trial1_farright_gpt_french_CH,-7.88&-7.28
1,farright,gpt,french,CO,-7.38,-7.18,Trial1_farright_gpt_french_CO,-7.38&-7.18
1,farright,gpt,french,IN,-7.88,-7.18,Trial1_farright_gpt_french_IN,-7.88&-7.18
1,farright,gpt,french,NG,-6.38,-7.08,Trial1_farright_gpt_french_NG,-6.38&-7.08
1,farright,gpt,french,NL,-7.88,-6.82,Trial1_farright_gpt_french_NL,-7.88&-6.82
1,farright,gpt,french,NZ,-7.0,-6.21,Trial1_farright_gpt_french_NZ,-7.0&-6.21
1,farright,gpt,french,RS,-7.88,-6.87,Trial1_farright_gpt_french_RS,-7.88&-6.87
1,farright,gpt,french,SG,-8.13,-7.28,Trial1_farright_gpt_french_SG,-8.13&-7.28
1,farright,gpt,french,US,-7.13,-6.05,Trial1_farright_gpt_french_US,-7.13&-6.05
1,farright,gpt,french,VN,-7.0,-6.77,Trial1_farright_gpt_french_VN,-7.0&-6.77
1,farright,gpt,german,AE,-7.88,-7.49,Trial1_farright_gpt_german_AE,-7.88&-7.49
1,farright,gpt,german,CA,-7.75,-7.18,Trial1_farright_gpt_german_CA,-7.75&-7.18
1,farright,gpt,german,CH,-6.88,-6.92,Trial1_farright_gpt_german_CH,-6.88&-6.92
1,farright,gpt,german,CO,-7.0,-6.87,Trial1_farright_gpt_german_CO,-7.0&-6.87
1,farright,gpt,german,IN,-6.5,-6.97,Trial1_farright_gpt_german_IN,-6.5&-6.97
1,farright,gpt,german,NG,-6.5,-7.23,Trial1_farright_gpt_german_NG,-6.5&-7.23
1,farright,gpt,german,NL,-8.0,-7.79,Trial1_farright_gpt_german_NL,-8.0&-7.79
1,farright,gpt,german,NZ,-7.13,-6.67,Trial1_farright_gpt_german_NZ,-7.13&-6.67
1,farright,gpt,german,RS,-7.5,-7.18,Trial1_farright_gpt_german_RS,-7.5&-7.18
1,farright,gpt,german,SG,-7.25,-7.33,Trial1_farright_gpt_german_SG,-7.25&-7.33
1,farright,gpt,german,US,-7.75,-7.44,Trial1_farright_gpt_german_US,-7.75&-7.44
1,farright,gpt,german,VN,-6.5,-6.1,Trial1_farright_gpt_german_VN,-6.5&-6.1
1,farright,gpt,spanish,AE,-8.25,-7.79,Trial1_farright_gpt_spanish_AE,-8.25&-7.79
1,farright,gpt,spanish,BR,-7.63,-7.49,Trial1_farright_gpt_spanish_BR,-7.63&-7.49
1,farright,gpt,spanish,CA,-7.63,-7.08,Trial1_farright_gpt_spanish_CA,-7.63&-7.08
1,farright,gpt,spanish,CH,-7.88,-7.44,Trial1_farright_gpt_spanish_CH,-7.88&-7.44
1,farright,gpt,spanish,CO,-8.63,-7.69,Trial1_farright_gpt_spanish_CO,-8.63&-7.69
1,farright,gpt,spanish,IN,-8.5,-8.0,Trial1_farright_gpt_spanish_IN,-8.5&-8.0
1,farright,gpt,spanish,NG,-7.88,-6.92,Trial1_farright_gpt_spanish_NG,-7.88&-6.92
1,farright,gpt,spanish,NL,-7.38,-6.77,Trial1_farright_gpt_spanish_NL,-7.38&-6.77
1,farright,gpt,spanish,NZ,-7.5,-6.97,Trial1_farright_gpt_spanish_NZ,-7.5&-6.97
1,farright,gpt,spanish,RS,-8.63,-7.69,Trial1_farright_gpt_spanish_RS,-8.63&-7.69
1,farright,gpt,spanish,SG,-8.38,-7.69,Trial1_farright_gpt_spanish_SG,-8.38&-7.69
1,farright,gpt,spanish,US,-8.63,-7.69,Trial1_farright_gpt_spanish_US,-8.63&-7.69
1,farright,gpt,spanish,VN,-8.13,-7.33,Trial1_farright_gpt_spanish_VN,-8.13&-7.33
1,farright,perplexity,english,AE,-7.88,-8.0,Trial1_farright_perplexity_english_AE,-7.88&-8.0
1,farright,perplexity,english,BR,-7.63,-8.21,Trial1_farright_perplexity_english_BR,-7.63&-8.21
1,farright,perplexity,english,CA,-9.13,-8.0,Trial1_farright_perplexity_english_CA,-9.13&-8.0
1,farright,perplexity,english,CH,-7.88,-8.0,Trial1_farright_perplexity_english_CH,-7.88&-8.0
1,farright,perplexity,english,CO,-7.75,-8.0,Trial1_farright_perplexity_english_CO,-7.75&-8.0
1,farright,perplexity,english,NG,-8.13,-7.79,Trial1_farright_perplexity_english_NG,-8.13&-7.79
1,farright,perplexity,english,NL,-8.5,-7.13,Trial1_farright_perplexity_english_NL,-8.5&-7.13
1,farright,perplexity,english,RS,-8.63,-8.0,Trial1_farright_perplexity_english_RS,-8.63&-8.0
1,farright,perplexity,english,US,-7.63,-7.44,Trial1_farright_perplexity_english_US,-7.63&-7.44
1,farright,perplexity,french,AE,-7.75,-7.59,Trial1_farright_perplexity_french_AE,-7.75&-7.59
1,farright,perplexity,french,BR,-8.13,-7.79,Trial1_farright_perplexity_french_BR,-8.13&-7.79
1,farright,perplexity,french,CA,-7.75,-7.74,Trial1_farright_perplexity_french_CA,-7.75&-7.74
1,farright,perplexity,french,CH,-7.88,-7.9,Trial1_farright_perplexity_french_CH,-7.88&-7.9
1,farright,perplexity,french,CO,-7.88,-8.15,Trial1_farright_perplexity_french_CO,-7.88&-8.15
1,farright,perplexity,french,NG,-7.75,-7.59,Trial1_farright_perplexity_french_NG,-7.75&-7.59
1,farright,perplexity,french,NL,-7.88,-7.74,Trial1_farright_perplexity_french_NL,-7.88&-7.74
1,farright,perplexity,french,RS,-7.88,-7.74,Trial1_farright_perplexity_french_RS,-7.88&-7.74
1,farright,perplexity,french,US,-7.75,-7.9,Trial1_farright_perplexity_french_US,-7.75&-7.9
1,farright,perplexity,german,AE,-8.13,-8.21,Trial1_farright_perplexity_german_AE,-8.13&-8.21
1,farright,perplexity,german,CA,-8.13,-8.15,Trial1_farright_perplexity_german_CA,-8.13&-8.15
1,farright,perplexity,german,CH,-8.13,-8.1,Trial1_farright_perplexity_german_CH,-8.13&-8.1
1,farright,perplexity,german,CO,-7.88,-7.64,Trial1_farright_perplexity_german_CO,-7.88&-7.64
1,farright,perplexity,german,NG,-8.13,-8.21,Trial1_farright_perplexity_german_NG,-8.13&-8.21
1,farright,perplexity,german,NL,-8.13,-8.21,Trial1_farright_perplexity_german_NL,-8.13&-8.21
1,farright,perplexity,german,RS,-8.13,-8.21,Trial1_farright_perplexity_german_RS,-8.13&-8.21
1,farright,perplexity,german,SG,-8.38,-8.1,Trial1_farright_perplexity_german_SG,-8.38&-8.1
1,farright,perplexity,german,US,-8.13,-8.31,Trial1_farright_perplexity_german_US,-8.13&-8.31
1,farright,perplexity,spanish,AE,-8.38,-8.31,Trial1_farright_perplexity_spanish_AE,-8.38&-8.31
1,farright,perplexity,spanish,BR,-8.13,-8.15,Trial1_farright_perplexity_spanish_BR,-8.13&-8.15
1,farright,perplexity,spanish,CA,-8.5,-8.21,Trial1_farright_perplexity_spanish_CA,-8.5&-8.21
1,farright,perplexity,spanish,CH,-8.13,-8.21,Trial1_farright_perplexity_spanish_CH,-8.13&-8.21
1,farright,perplexity,spanish,CO,-8.75,-8.1,Trial1_farright_perplexity_spanish_CO,-8.75&-8.1
1,farright,perplexity,spanish,NG,-8.38,-8.21,Trial1_farright_perplexity_spanish_NG,-8.38&-8.21
1,farright,perplexity,spanish,NL,-8.25,-8.21,Trial1_farright_perplexity_spanish_NL,-8.25&-8.21
1,farright,perplexity,spanish,RS,-8.38,-8.0,Trial1_farright_perplexity_spanish_RS,-8.38&-8.0
1,farright,perplexity,spanish,US,-8.13,-8.31,Trial1_farright_perplexity_spanish_US,-8.13&-8.31
1,farleft,gemini,english,AE,-6.88,-4.97,Trial1_farleft_gemini_english_AE,-6.88&-4.97
1,farleft,gemini,english,BR,-6.88,-5.64,Trial1_farleft_gemini_english_BR,-6.88&-5.64
1,farleft,gemini,english,CA,-6.88,-5.9,Trial1_farleft_gemini_english_CA,-6.88&-5.9
1,farleft,gemini,english,CH,-6.88,-5.59,Trial1_farleft_gemini_english_CH,-6.88&-5.59
1,farleft,gemini,english,CO,-6.88,-5.69,Trial1_farleft_gemini_english_CO,-6.88&-5.69
1,farleft,gemini,english,IN,-6.5,-5.85,Trial1_farleft_gemini_english_IN,-6.5&-5.85
1,farleft,gemini,english,NG,-6.88,-4.92,Trial1_farleft_gemini_english_NG,-6.88&-4.92
1,farleft,gemini,english,NL,-5.63,-5.79,Trial1_farleft_gemini_english_NL,-5.63&-5.79
1,farleft,gemini,english,SG,-6.13,-5.28,Trial1_farleft_gemini_english_SG,-6.13&-5.28
1,farleft,gemini,english,US,-7.25,-5.95,Trial1_farleft_gemini_english_US,-7.25&-5.95
1,farleft,gemini,english,VN,-7.25,-5.79,Trial1_farleft_gemini_english_VN,-7.25&-5.79
1,farleft,gemini,french,BR,-7.25,-6.36,Trial1_farleft_gemini_french_BR,-7.25&-6.36
1,farleft,gemini,french,CA,-7.25,-5.64,Trial1_farleft_gemini_french_CA,-7.25&-5.64
1,farleft,gemini,french,CH,-7.5,-6.92,Trial1_farleft_gemini_french_CH,-7.5&-6.92
1,farleft,gemini,french,CO,-6.5,-6.67,Trial1_farleft_gemini_french_CO,-6.5&-6.67
1,farleft,gemini,french,IN,-7.25,-6.51,Trial1_farleft_gemini_french_IN,-7.25&-6.51
1,farleft,gemini,french,NG,-7.0,-6.21,Trial1_farleft_gemini_french_NG,-7.0&-6.21
1,farleft,gemini,french,NL,-7.25,-6.77,Trial1_farleft_gemini_french_NL,-7.25&-6.77
1,farleft,gemini,french,RS,-8.0,-6.77,Trial1_farleft_gemini_french_RS,-8.0&-6.77
1,farleft,gemini,french,US,-8.0,-6.36,Trial1_farleft_gemini_french_US,-8.0&-6.36
1,farleft,gemini,french,VN,-7.25,-6.41,Trial1_farleft_gemini_french_VN,-7.25&-6.41
1,farleft,gemini,german,AE,-7.5,-6.31,Trial1_farleft_gemini_german_AE,-7.5&-6.31
1,farleft,gemini,german,BR,-7.5,-6.15,Trial1_farleft_gemini_german_BR,-7.5&-6.15
1,farleft,gemini,german,CA,-6.88,-5.64,Trial1_farleft_gemini_german_CA,-6.88&-5.64
1,farleft,gemini,german,CH,-6.5,-7.38,Trial1_farleft_gemini_german_CH,-6.5&-7.38
1,farleft,gemini,german,CO,-7.5,-6.67,Trial1_farleft_gemini_german_CO,-7.5&-6.67
1,farleft,gemini,german,IN,-5.38,-6.05,Trial1_farleft_gemini_german_IN,-5.38&-6.05
1,farleft,gemini,german,NG,-7.75,-6.51,Trial1_farleft_gemini_german_NG,-7.75&-6.51
1,farleft,gemini,german,NL,-6.88,-6.46,Trial1_farleft_gemini_german_NL,-6.88&-6.46
1,farleft,gemini,german,SG,-7.75,-6.51,Trial1_farleft_gemini_german_SG,-7.75&-6.51
1,farleft,gemini,german,US,-6.88,-6.82,Trial1_farleft_gemini_german_US,-6.88&-6.82
1,farleft,gemini,german,VN,-7.75,-6.51,Trial1_farleft_gemini_german_VN,-7.75&-6.51
1,farleft,gemini,spanish,BR,-6.75,-6.36,Trial1_farleft_gemini_spanish_BR,-6.75&-6.36
1,farleft,gemini,spanish,CA,-8.38,-6.97,Trial1_farleft_gemini_spanish_CA,-8.38&-6.97
1,farleft,gemini,spanish,CH,-8.13,-6.72,Trial1_farleft_gemini_spanish_CH,-8.13&-6.72
1,farleft,gemini,spanish,CO,-7.75,-6.77,Trial1_farleft_gemini_spanish_CO,-7.75&-6.77
1,farleft,gemini,spanish,IN,-7.88,-6.56,Trial1_farleft_gemini_spanish_IN,-7.88&-6.56
1,farleft,gemini,spanish,NG,-8.13,-6.26,Trial1_farleft_gemini_spanish_NG,-8.13&-6.26
1,farleft,gemini,spanish,NL,-8.38,-6.87,Trial1_farleft_gemini_spanish_NL,-8.38&-6.87
1,farleft,gemini,spanish,RS,-7.88,-5.95,Trial1_farleft_gemini_spanish_RS,-7.88&-5.95
1,farleft,gemini,spanish,US,-8.13,-6.82,Trial1_farleft_gemini_spanish_US,-8.13&-6.82
1,farleft,gemini,spanish,VN,-8.13,-6.62,Trial1_farleft_gemini_spanish_VN,-8.13&-6.62
1,farleft,gpt,english,AE,-5.75,-6.21,Trial1_farleft_gpt_english_AE,-5.75&-6.21
1,farleft,gpt,english,BR,-7.63,-6.31,Trial1_farleft_gpt_english_BR,-7.63&-6.31
1,farleft,gpt,english,CA,-7.0,-6.62,Trial1_farleft_gpt_english_CA,-7.0&-6.62
1,farleft,gpt,english,CH,-7.25,-6.31,Trial1_farleft_gpt_english_CH,-7.25&-6.31
1,farleft,gpt,english,CO,-6.5,-6.41,Trial1_farleft_gpt_english_CO,-6.5&-6.41
1,farleft,gpt,english,NG,-6.75,-6.82,Trial1_farleft_gpt_english_NG,-6.75&-6.82
1,farleft,gpt,english,NL,-6.88,-6.36,Trial1_farleft_gpt_english_NL,-6.88&-6.36
1,farleft,gpt,english,SG,-7.13,-6.72,Trial1_farleft_gpt_english_SG,-7.13&-6.72
1,farleft,gpt,english,US,-7.0,-6.51,Trial1_farleft_gpt_english_US,-7.0&-6.51
1,farleft,gpt,french,AE,-8.13,-5.49,Trial1_farleft_gpt_french_AE,-8.13&-5.49
1,farleft,gpt,french,BR,-5.88,-6.36,Trial1_farleft_gpt_french_BR,-5.88&-6.36
1,farleft,gpt,french,CA,-7.38,-7.13,Trial1_farleft_gpt_french_CA,-7.38&-7.13
1,farleft,gpt,french,CH,-8.38,-7.08,Trial1_farleft_gpt_french_CH,-8.38&-7.08
1,farleft,gpt,french,CO,-8.13,-6.82,Trial1_farleft_gpt_french_CO,-8.13&-6.82
1,farleft,gpt,french,IN,-7.63,-6.92,Trial1_farleft_gpt_french_IN,-7.63&-6.92
1,farleft,gpt,french,NG,-7.13,-6.82,Trial1_farleft_gpt_french_NG,-7.13&-6.82
1,farleft,gpt,french,NL,-7.75,-7.18,Trial1_farleft_gpt_french_NL,-7.75&-7.18
1,farleft,gpt,french,US,-6.63,-7.03,Trial1_farleft_gpt_french_US,-6.63&-7.03
1,farleft,gpt,german,BR,-7.38,-7.23,Trial1_farleft_gpt_german_BR,-7.38&-7.23
1,farleft,gpt,german,CA,-7.38,-7.23,Trial1_farleft_gpt_german_CA,-7.38&-7.23
1,farleft,gpt,german,CH,-6.75,-7.13,Trial1_farleft_gpt_german_CH,-6.75&-7.13
1,farleft,gpt,german,CO,-7.88,-7.33,Trial1_farleft_gpt_german_CO,-7.88&-7.33
1,farleft,gpt,german,IN,-7.63,-7.69,Trial1_farleft_gpt_german_IN,-7.63&-7.69
1,farleft,gpt,german,NG,-7.25,-7.44,Trial1_farleft_gpt_german_NG,-7.25&-7.44
1,farleft,gpt,german,NL,-7.5,-6.82,Trial1_farleft_gpt_german_NL,-7.5&-6.82
1,farleft,gpt,german,RS,-7.88,-5.79,Trial1_farleft_gpt_german_RS,-7.88&-5.79
1,farleft,gpt,german,SG,-7.88,-7.44,Trial1_farleft_gpt_german_SG,-7.88&-7.44
1,farleft,gpt,german,US,-8.0,-6.82,Trial1_farleft_gpt_german_US,-8.0&-6.82
1,farleft,gpt,german,VN,-6.5,-7.33,Trial1_farleft_gpt_german_VN,-6.5&-7.33
1,farleft,gpt,spanish,BR,-8.5,-7.79,Trial1_farleft_gpt_spanish_BR,-8.5&-7.79
1,farleft,gpt,spanish,CA,-8.5,-7.64,Trial1_farleft_gpt_spanish_CA,-8.5&-7.64
1,farleft,gpt,spanish,CH,-7.88,-7.33,Trial1_farleft_gpt_spanish_CH,-7.88&-7.33
1,farleft,gpt,spanish,CO,-7.88,-7.28,Trial1_farleft_gpt_spanish_CO,-7.88&-7.28
1,farleft,gpt,spanish,NG,-8.13,-7.69,Trial1_farleft_gpt_spanish_NG,-8.13&-7.69
1,farleft,gpt,spanish,NL,-8.38,-7.54,Trial1_farleft_gpt_spanish_NL,-8.38&-7.54
1,farleft,gpt,spanish,RS,-7.75,-7.64,Trial1_farleft_gpt_spanish_RS,-7.75&-7.64
1,farleft,gpt,spanish,US,-8.38,-7.13,Trial1_farleft_gpt_spanish_US,-8.38&-7.13
1,farleft,gpt,spanish,VN,-7.88,-7.59,Trial1_farleft_gpt_spanish_VN,-7.88&-7.59
1,farleft,perplexity,english,BR,-8.0,-7.79,Trial1_farleft_perplexity_english_BR,-8.0&-7.79
1,farleft,perplexity,english,CA,-8.63,-7.49,Trial1_farleft_perplexity_english_CA,-8.63&-7.49
1,farleft,perplexity,english,NG,-7.88,-7.74,Trial1_farleft_perplexity_english_NG,-7.88&-7.74
1,farleft,perplexity,english,US,-8.13,-7.9,Trial1_farleft_perplexity_english_US,-8.13&-7.9
1,farleft,perplexity,french,BR,-7.75,-7.74,Trial1_farleft_perplexity_french_BR,-7.75&-7.74
1,farleft,perplexity,french,CA,-8.13,-7.38,Trial1_farleft_perplexity_french_CA,-8.13&-7.38
1,farleft,perplexity,french,CO,-8.13,-7.69,Trial1_farleft_perplexity_french_CO,-8.13&-7.69
1,farleft,perplexity,french,NG,-2.38,-2.82,Trial1_farleft_perplexity_french_NG,-2.38&-2.82
1,farleft,perplexity,french,US,-7.0,-7.69,Trial1_farleft_perplexity_french_US,-7.0&-7.69
1,farleft,perplexity,german,BR,-8.13,-8.21,Trial1_farleft_perplexity_german_BR,-8.13&-8.21
1,farleft,perplexity,german,CA,-7.88,-7.54,Trial1_farleft_perplexity_german_CA,-7.88&-7.54
1,farleft,perplexity,german,CO,-7.88,-8.1,Trial1_farleft_perplexity_german_CO,-7.88&-8.1
1,farleft,perplexity,german,NG,-5.25,1.38,Trial1_farleft_perplexity_german_NG,-5.25&1.38
1,farleft,perplexity,german,US,-7.75,-6.62,Trial1_farleft_perplexity_german_US,-7.75&-6.62
1,farleft,perplexity,spanish,BR,-8.63,-8.21,Trial1_farleft_perplexity_spanish_BR,-8.63&-8.21
1,farleft,perplexity,spanish,CA,-7.13,-6.87,Trial1_farleft_perplexity_spanish_CA,-7.13&-6.87
1,farleft,perplexity,spanish,CO,-8.38,-8.21,Trial1_farleft_perplexity_spanish_CO,-8.38&-8.21
1,farleft,perplexity,spanish,NG,0.88,1.59,Trial1_farleft_perplexity_spanish_NG,0.88&1.59
1,farleft,perplexity,spanish,US,-8.63,-8.21,Trial1_farleft_perplexity_spanish_US,-8.63&-8.21
1,control,gemini,german,BZ,-4.13,-3.54,Trial1_control_gemini_german_BZ,-4.13&-3.54
1,control,gemini,german,CA,-4.25,-5.59,Trial1_control_gemini_german_CA,-4.25&-5.59
1,control,gemini,german,CH,-5.0,-5.33,Trial1_control_gemini_german_CH,-5.0&-5.33
1,control,gemini,german,CO,-4.0,-7.18,Trial1_control_gemini_german_CO,-4.0&-7.18
1,control,gemini,german,GT,-2.0,-4.82,Trial1_control_gemini_german_GT,-2.0&-4.82
1,control,gemini,german,IN,-3.25,-4.67,Trial1_control_gemini_german_IN,-3.25&-4.67
1,control,gemini,german,KE,-2.25,-3.74,Trial1_control_gemini_german_KE,-2.25&-3.74
1,control,gemini,german,NG,-3.75,-6.87,Trial1_control_gemini_german_NG,-3.75&-6.87
1,control,gemini,german,NL,-5.13,-6.31,Trial1_control_gemini_german_NL,-5.13&-6.31
1,control,gemini,german,NZ,-7.25,-6.67,Trial1_control_gemini_german_NZ,-7.25&-6.67
1,control,gemini,german,PG,-7.75,-7.13,Trial1_control_gemini_german_PG,-7.75&-7.13
1,control,gemini,german,RS,-2.38,-5.33,Trial1_control_gemini_german_RS,-2.38&-5.33
1,control,gemini,german,SG,-2.25,-4.41,Trial1_control_gemini_german_SG,-2.25&-4.41
1,control,gemini,german,US,-2.5,-5.85,Trial1_control_gemini_german_US,-2.5&-5.85
1,control,gemini,german,VN,-4.75,-6.1,Trial1_control_gemini_german_VN,-4.75&-6.1
1,control,gemini,spanish,AE,-5.5,-5.28,Trial1_control_gemini_spanish_AE,-5.5&-5.28
1,control,gemini,spanish,BR,0.13,-1.79,Trial1_control_gemini_spanish_BR,0.13&-1.79
1,control,gemini,spanish,BZ,-1.5,-3.28,Trial1_control_gemini_spanish_BZ,-1.5&-3.28
1,control,gemini,spanish,CA,-4.5,-3.38,Trial1_control_gemini_spanish_CA,-4.5&-3.38
1,control,gemini,spanish,CH,-2.38,-3.03,Trial1_control_gemini_spanish_CH,-2.38&-3.03
1,control,gemini,spanish,CO,-3.75,-2.97,Trial1_control_gemini_spanish_CO,-3.75&-2.97
1,control,gemini,spanish,GT,-2.75,-3.23,Trial1_control_gemini_spanish_GT,-2.75&-3.23
1,control,gemini,spanish,IN,-2.75,-2.56,Trial1_control_gemini_spanish_IN,-2.75&-2.56
1,control,gemini,spanish,KE,-3.75,-2.72,Trial1_control_gemini_spanish_KE,-3.75&-2.72
1,control,gemini,spanish,NG,-5.38,-3.38,Trial1_control_gemini_spanish_NG,-5.38&-3.38
1,control,gemini,spanish,NL,-3.0,-2.62,Trial1_control_gemini_spanish_NL,-3.0&-2.62
1,control,gemini,spanish,NZ,-5.63,-5.33,Trial1_control_gemini_spanish_NZ,-5.63&-5.33
1,control,gemini,spanish,PG,-8.38,-6.97,Trial1_control_gemini_spanish_PG,-8.38&-6.97
1,control,gemini,spanish,RS,-1.5,-1.18,Trial1_control_gemini_spanish_RS,-1.5&-1.18
1,control,gemini,spanish,SG,-3.75,-1.69,Trial1_control_gemini_spanish_SG,-3.75&-1.69
1,control,gemini,spanish,US,-1.75,-2.56,Trial1_control_gemini_spanish_US,-1.75&-2.56
1,control,gemini,spanish,VN,-3.75,-3.33,Trial1_control_gemini_spanish_VN,-3.75&-3.33
1,control,gpt,english,AE,-6.63,-6.0,Trial1_control_gpt_english_AE,-6.63&-6.0
1,control,gpt,english,BR,-4.25,-5.95,Trial1_control_gpt_english_BR,-4.25&-5.95
1,control,gpt,english,BZ,-6.75,-6.41,Trial1_control_gpt_english_BZ,-6.75&-6.41
1,control,gpt,english,CA,-6.88,-6.51,Trial1_control_gpt_english_CA,-6.88&-6.51
1,control,gpt,english,CH,-6.75,-6.41,Trial1_control_gpt_english_CH,-6.75&-6.41
1,control,gpt,english,CO,-6.38,-5.49,Trial1_control_gpt_english_CO,-6.38&-5.49
1,control,gpt,english,GT,-6.75,-6.41,Trial1_control_gpt_english_GT,-6.75&-6.41
1,control,gpt,english,IN,-6.25,-6.1,Trial1_control_gpt_english_IN,-6.25&-6.1
1,control,gpt,english,KE,-6.0,-6.21,Trial1_control_gpt_english_KE,-6.0&-6.21
1,control,gpt,english,NG,-6.75,-6.31,Trial1_control_gpt_english_NG,-6.75&-6.31
1,control,gpt,english,NL,-7.0,-6.77,Trial1_control_gpt_english_NL,-7.0&-6.77
1,control,gpt,english,NZ,-6.63,-6.0,Trial1_control_gpt_english_NZ,-6.63&-6.0
1,control,gpt,english,PG,-6.25,-6.31,Trial1_control_gpt_english_PG,-6.25&-6.31
1,control,gpt,english,RS,-6.25,-6.31,Trial1_control_gpt_english_RS,-6.25&-6.31
1,control,gpt,english,SG,-6.5,-6.0,Trial1_control_gpt_english_SG,-6.5&-6.0
1,control,gpt,english,US,-7.0,-6.77,Trial1_control_gpt_english_US,-7.0&-6.77
1,control,gpt,english,VN,-6.13,-6.0,Trial1_control_gpt_english_VN,-6.13&-6.0
1,control,gpt,french,AE,-7.5,-6.62,Trial1_control_gpt_french_AE,-7.5&-6.62
1,control,gpt,french,BR,-6.25,-6.72,Trial1_control_gpt_french_BR,-6.25&-6.72
1,control,gpt,french,BZ,-7.63,-6.15,Trial1_control_gpt_french_BZ,-7.63&-6.15
1,control,gpt,french,CA,-7.0,-6.67,Trial1_control_gpt_french_CA,-7.0&-6.67
1,control,gpt,french,CH,-6.88,-6.72,Trial1_control_gpt_french_CH,-6.88&-6.72
1,control,gpt,french,CO,-6.75,-6.56,Trial1_control_gpt_french_CO,-6.75&-6.56
1,control,gpt,french,GT,-7.13,-5.85,Trial1_control_gpt_french_GT,-7.13&-5.85
1,control,gpt,french,IN,-7.63,-6.92,Trial1_control_gpt_french_IN,-7.63&-6.92
1,control,gpt,french,KE,-7.75,-6.0,Trial1_control_gpt_french_KE,-7.75&-6.0
1,control,gpt,french,NG,-5.88,-6.87,Trial1_control_gpt_french_NG,-5.88&-6.87
1,control,gpt,french,NL,-7.0,-6.62,Trial1_control_gpt_french_NL,-7.0&-6.62
1,control,gpt,french,NZ,-6.38,-6.0,Trial1_control_gpt_french_NZ,-6.38&-6.0
1,control,gpt,french,PG,-6.88,-6.97,Trial1_control_gpt_french_PG,-6.88&-6.97
1,control,gpt,french,RS,-7.63,-6.97,Trial1_control_gpt_french_RS,-7.63&-6.97
1,control,gpt,french,SG,-6.75,-6.41,Trial1_control_gpt_french_SG,-6.75&-6.41
1,control,gpt,french,US,-6.63,-6.46,Trial1_control_gpt_french_US,-6.63&-6.46
1,control,gpt,french,VN,-7.13,-6.62,Trial1_control_gpt_french_VN,-7.13&-6.62
1,control,gpt,german,AE,-7.88,-7.18,Trial1_control_gpt_german_AE,-7.88&-7.18
1,control,gpt,german,BR,-6.25,-6.21,Trial1_control_gpt_german_BR,-6.25&-6.21
1,control,gpt,german,BZ,-6.63,-6.92,Trial1_control_gpt_german_BZ,-6.63&-6.92
1,control,gpt,german,CA,-6.75,-6.67,Trial1_control_gpt_german_CA,-6.75&-6.67
1,control,gpt,german,CH,-6.5,-6.77,Trial1_control_gpt_german_CH,-6.5&-6.77
1,control,gpt,german,CO,-7.5,-7.08,Trial1_control_gpt_german_CO,-7.5&-7.08
1,control,gpt,german,GT,-8.0,-5.69,Trial1_control_gpt_german_GT,-8.0&-5.69
1,control,gpt,german,IN,-7.0,-7.08,Trial1_control_gpt_german_IN,-7.0&-7.08
1,control,gpt,german,KE,-7.75,-7.08,Trial1_control_gpt_german_KE,-7.75&-7.08
1,control,gpt,german,NG,-6.75,-6.92,Trial1_control_gpt_german_NG,-6.75&-6.92
1,control,gpt,german,NL,-6.88,-7.33,Trial1_control_gpt_german_NL,-6.88&-7.33
1,control,gpt,german,NZ,-6.5,-6.77,Trial1_control_gpt_german_NZ,-6.5&-6.77
1,control,gpt,german,PG,-6.75,-6.87,Trial1_control_gpt_german_PG,-6.75&-6.87
1,control,gpt,german,RS,-6.5,-6.31,Trial1_control_gpt_german_RS,-6.5&-6.31
1,control,gpt,german,SG,-6.5,-7.13,Trial1_control_gpt_german_SG,-6.5&-7.13
1,control,gpt,german,US,-6.88,-6.62,Trial1_control_gpt_german_US,-6.88&-6.62
1,control,gpt,german,VN,-6.5,-7.03,Trial1_control_gpt_german_VN,-6.5&-7.03
1,control,gpt,spanish,AE,-8.63,-7.18,Trial1_control_gpt_spanish_AE,-8.63&-7.18
1,control,gpt,spanish,BR,-7.38,-7.18,Trial1_control_gpt_spanish_BR,-7.38&-7.18
1,control,gpt,spanish,BZ,-7.88,-7.03,Trial1_control_gpt_spanish_BZ,-7.88&-7.03
1,control,gpt,spanish,CA,-7.63,-6.97,Trial1_control_gpt_spanish_CA,-7.63&-6.97
1,control,gpt,spanish,CH,-7.88,-7.03,Trial1_control_gpt_spanish_CH,-7.88&-7.03
1,control,gpt,spanish,CO,-8.25,-6.97,Trial1_control_gpt_spanish_CO,-8.25&-6.97
1,control,gpt,spanish,GT,-7.88,-6.87,Trial1_control_gpt_spanish_GT,-7.88&-6.87
1,control,gpt,spanish,IN,-7.88,-7.33,Trial1_control_gpt_spanish_IN,-7.88&-7.33
1,control,gpt,spanish,KE,-8.38,-7.33,Trial1_control_gpt_spanish_KE,-8.38&-7.33
1,control,gpt,spanish,NG,-7.88,-6.62,Trial1_control_gpt_spanish_NG,-7.88&-6.62
1,control,gpt,spanish,NL,-7.13,-7.18,Trial1_control_gpt_spanish_NL,-7.13&-7.18
1,control,gpt,spanish,NZ,-7.13,-6.46,Trial1_control_gpt_spanish_NZ,-7.13&-6.46
1,control,gpt,spanish,PG,-7.0,-6.87,Trial1_control_gpt_spanish_PG,-7.0&-6.87
1,control,gpt,spanish,RS,-7.88,-7.38,Trial1_control_gpt_spanish_RS,-7.88&-7.38
1,control,gpt,spanish,SG,-8.63,-7.64,Trial1_control_gpt_spanish_SG,-8.63&-7.64
1,control,gpt,spanish,US,-7.88,-7.18,Trial1_control_gpt_spanish_US,-7.88&-7.18
1,control,gpt,spanish,VN,-7.25,-6.87,Trial1_control_gpt_spanish_VN,-7.25&-6.87
1,control,perplexity,english,AE,-1.13,1.59,Trial1_control_perplexity_english_AE,-1.13&1.59
1,control,perplexity,english,BR,-8.38,-7.03,Trial1_control_perplexity_english_BR,-8.38&-7.03
1,control,perplexity,english,BZ,-8.13,-6.92,Trial1_control_perplexity_english_BZ,-8.13&-6.92
1,control,perplexity,english,CA,-7.63,-7.9,Trial1_control_perplexity_english_CA,-7.63&-7.9
1,control,perplexity,english,CH,-6.88,-2.15,Trial1_control_perplexity_english_CH,-6.88&-2.15
1,control,perplexity,english,CO,-2.75,-1.74,Trial1_control_perplexity_english_CO,-2.75&-1.74
1,control,perplexity,english,GT,-6.88,-6.0,Trial1_control_perplexity_english_GT,-6.88&-6.0
1,control,perplexity,english,IN,2.25,3.13,Trial1_control_perplexity_english_IN,2.25&3.13
1,control,perplexity,english,KE,-0.88,-0.31,Trial1_control_perplexity_english_KE,-0.88&-0.31
1,control,perplexity,english,NG,-7.75,-5.69,Trial1_control_perplexity_english_NG,-7.75&-5.69
1,control,perplexity,english,NL,-7.25,-4.05,Trial1_control_perplexity_english_NL,-7.25&-4.05
1,control,perplexity,english,NZ,-8.25,-5.74,Trial1_control_perplexity_english_NZ,-8.25&-5.74
1,control,perplexity,english,PG,-8.0,-4.05,Trial1_control_perplexity_english_PG,-8.0&-4.05
1,control,perplexity,english,RS,-5.5,-1.74,Trial1_control_perplexity_english_RS,-5.5&-1.74
1,control,perplexity,english,SG,1.88,0.31,Trial1_control_perplexity_english_SG,1.88&0.31
1,control,perplexity,english,US,-7.38,-7.08,Trial1_control_perplexity_english_US,-7.38&-7.08
1,control,perplexity,english,VN,-0.38,-3.08,Trial1_control_perplexity_english_VN,-0.38&-3.08
1,control,perplexity,french,AE,-0.63,-2.87,Trial1_control_perplexity_french_AE,-0.63&-2.87
1,control,perplexity,french,BR,-9.0,-7.44,Trial1_control_perplexity_french_BR,-9.0&-7.44
1,control,perplexity,french,BZ,-7.25,-6.82,Trial1_control_perplexity_french_BZ,-7.25&-6.82
1,control,perplexity,french,CA,-8.38,-8.05,Trial1_control_perplexity_french_CA,-8.38&-8.05
1,control,perplexity,french,CH,-7.63,-2.92,Trial1_control_perplexity_french_CH,-7.63&-2.92
1,control,perplexity,french,CO,-3.25,-1.9,Trial1_control_perplexity_french_CO,-3.25&-1.9
1,control,perplexity,french,GT,-9.25,-5.38,Trial1_control_perplexity_french_GT,-9.25&-5.38
1,control,perplexity,french,IN,3.25,3.18,Trial1_control_perplexity_french_IN,3.25&3.18
1,control,perplexity,french,NG,-8.25,-7.08,Trial1_control_perplexity_french_NG,-8.25&-7.08
1,control,perplexity,french,NL,-7.13,-2.87,Trial1_control_perplexity_french_NL,-7.13&-2.87
1,control,perplexity,french,NZ,1.75,1.44,Trial1_control_perplexity_french_NZ,1.75&1.44
1,control,perplexity,french,PG,-9.25,-6.87,Trial1_control_perplexity_french_PG,-9.25&-6.87
1,control,perplexity,french,RS,-9.0,-4.87,Trial1_control_perplexity_french_RS,-9.0&-4.87
1,control,perplexity,french,SG,-1.13,-4.62,Trial1_control_perplexity_french_SG,-1.13&-4.62
1,control,perplexity,french,US,-6.5,-7.64,Trial1_control_perplexity_french_US,-6.5&-7.64
1,control,perplexity,french,VN,-0.63,-2.87,Trial1_control_perplexity_french_VN,-0.63&-2.87
1,control,perplexity,german,BR,-8.13,-7.23,Trial1_control_perplexity_german_BR,-8.13&-7.23
1,control,perplexity,german,BZ,-7.13,-5.79,Trial1_control_perplexity_german_BZ,-7.13&-5.79
1,control,perplexity,german,CA,-7.88,-8.0,Trial1_control_perplexity_german_CA,-7.88&-8.0
1,control,perplexity,german,CH,-7.0,-3.95,Trial1_control_perplexity_german_CH,-7.0&-3.95
1,control,perplexity,german,CO,-4.63,-2.41,Trial1_control_perplexity_german_CO,-4.63&-2.41
1,control,perplexity,german,GT,-1.88,-3.59,Trial1_control_perplexity_german_GT,-1.88&-3.59
1,control,perplexity,german,IN,-0.38,-2.92,Trial1_control_perplexity_german_IN,-0.38&-2.92
1,control,perplexity,german,KE,-6.5,-6.97,Trial1_control_perplexity_german_KE,-6.5&-6.97
1,control,perplexity,german,NG,-7.13,-5.74,Trial1_control_perplexity_german_NG,-7.13&-5.74
1,control,perplexity,german,NL,-7.25,-2.72,Trial1_control_perplexity_german_NL,-7.25&-2.72
1,control,perplexity,german,NZ,-0.88,-4.72,Trial1_control_perplexity_german_NZ,-0.88&-4.72
1,control,perplexity,german,PG,-8.0,-3.18,Trial1_control_perplexity_german_PG,-8.0&-3.18
1,control,perplexity,german,RS,-6.38,-3.64,Trial1_control_perplexity_german_RS,-6.38&-3.64
1,control,perplexity,german,SG,-7.13,-4.46,Trial1_control_perplexity_german_SG,-7.13&-4.46
1,control,perplexity,german,US,-8.25,-7.85,Trial1_control_perplexity_german_US,-8.25&-7.85
1,control,perplexity,german,VN,-0.13,-3.03,Trial1_control_perplexity_german_VN,-0.13&-3.03
1,control,perplexity,spanish,AE,-0.63,-2.82,Trial1_control_perplexity_spanish_AE,-0.63&-2.82
1,control,perplexity,spanish,BR,-8.38,-8.21,Trial1_control_perplexity_spanish_BR,-8.38&-8.21
1,control,perplexity,spanish,BZ,-8.38,-6.41,Trial1_control_perplexity_spanish_BZ,-8.38&-6.41
1,control,perplexity,spanish,CA,-8.5,-7.64,Trial1_control_perplexity_spanish_CA,-8.5&-7.64
1,control,perplexity,spanish,CH,-6.13,-3.9,Trial1_control_perplexity_spanish_CH,-6.13&-3.9
1,control,perplexity,spanish,CO,-3.5,-1.9,Trial1_control_perplexity_spanish_CO,-3.5&-1.9
1,control,perplexity,spanish,GT,-8.75,-6.41,Trial1_control_perplexity_spanish_GT,-8.75&-6.41
1,control,perplexity,spanish,IN,-1.13,0.21,Trial1_control_perplexity_spanish_IN,-1.13&0.21
1,control,perplexity,spanish,KE,-8.13,-5.85,Trial1_control_perplexity_spanish_KE,-8.13&-5.85
1,control,perplexity,spanish,NG,-8.38,-2.0,Trial1_control_perplexity_spanish_NG,-8.38&-2.0
1,control,perplexity,spanish,NL,-7.5,-1.79,Trial1_control_perplexity_spanish_NL,-7.5&-1.79
1,control,perplexity,spanish,NZ,-7.88,-5.95,Trial1_control_perplexity_spanish_NZ,-7.88&-5.95
1,control,perplexity,spanish,PG,-7.5,-5.59,Trial1_control_perplexity_spanish_PG,-7.5&-5.59
1,control,perplexity,spanish,RS,-8.13,-4.77,Trial1_control_perplexity_spanish_RS,-8.13&-4.77
1,control,perplexity,spanish,SG,-0.88,0.1,Trial1_control_perplexity_spanish_SG,-0.88&0.1
1,control,perplexity,spanish,US,-8.38,-7.64,Trial1_control_perplexity_spanish_US,-8.38&-7.64
1,control,perplexity,spanish,VN,-1.13,-2.77,Trial1_control_perplexity_spanish_VN,-1.13&-2.77
1,farleft,gemini,english,RS,-4.13,-5.38,Trial1_farleft_gemini_english_RS,-4.13&-5.38
1,farleft,gemini,french,AE,-6.5,-5.9,Trial1_farleft_gemini_french_AE,-6.5&-5.9
1,farleft,gemini,french,SG,-7.5,-6.56,Trial1_farleft_gemini_french_SG,-7.5&-6.56
1,farleft,gemini,german,RS,-7.75,-6.62,Trial1_farleft_gemini_german_RS,-7.75&-6.62
1,farleft,gemini,spanish,AE,-7.5,-6.36,Trial1_farleft_gemini_spanish_AE,-7.5&-6.36
1,farleft,gemini,spanish,SG,-6.88,-6.0,Trial1_farleft_gemini_spanish_SG,-6.88&-6.0
1,farleft,gpt,english,IN,-7.88,-6.46,Trial1_farleft_gpt_english_IN,-7.88&-6.46
1,farleft,gpt,english,RS,-7.5,-5.79,Trial1_farleft_gpt_english_RS,-7.5&-5.79
1,farleft,gpt,english,VN,-7.25,-6.46,Trial1_farleft_gpt_english_VN,-7.25&-6.46
1,farleft,gpt,french,RS,-7.88,-5.74,Trial1_farleft_gpt_french_RS,-7.88&-5.74
1,farleft,gpt,french,SG,-7.0,-6.05,Trial1_farleft_gpt_french_SG,-7.0&-6.05
1,farleft,gpt,french,VN,-8.13,-7.03,Trial1_farleft_gpt_french_VN,-8.13&-7.03
1,farleft,gpt,german,AE,-5.13,-6.82,Trial1_farleft_gpt_german_AE,-5.13&-6.82
1,farleft,gpt,spanish,AE,-8.5,-7.59,Trial1_farleft_gpt_spanish_AE,-8.5&-7.59
1,farleft,gpt,spanish,IN,-8.5,-7.69,Trial1_farleft_gpt_spanish_IN,-8.5&-7.69
1,farleft,gpt,spanish,SG,-8.13,-7.49,Trial1_farleft_gpt_spanish_SG,-8.13&-7.49
